[
    {
        "reason": "team_mention",
        "subject": {
            "title": "Tracking: Close an issue as either resolved or unresolved",
            "url": "https://api.github.com/repos/vilmibm/testing/issues/594",
            "latest_comment_url": "https://api.github.com/repos/vilmibm/testing/issues/comments/1070788734",
            "type": "Issue"
        },
        "repository": {
            "full_name": "vilmibm/testing",
            "owner": {
                "login": "vilmibm"
            }
        }
    },
    {
        "reason": "comment",
        "subject": {
            "title": "Unclear message about base repository when creating a PR",
            "url": "https://api.github.com/repos/cli/cli/issues/2090",
            "latest_comment_url": "https://api.github.com/repos/cli/cli/issues/comments/1069309546",
            "type": "Issue"
        },
        "repository": {
            "full_name": "cli/cli",
            "owner": {
                "login": "cli"
            }
        }
    },
    {
        "reason": "mention",
        "subject": {
            "title": "Good",
            "url": "https://api.github.com/repos/rpd/todo/issues/110",
            "latest_comment_url": "https://api.github.com/repos/rpd/todo/issues/110",
            "type": "Issue"
        },
        "repository": {
            "full_name": "rpd/todo",
            "owner": {
                "login": "rpd"
            }
        }
    },
    {
        "reason": "mention",
        "subject": {
            "title": "Fire Irons",
            "url": "https://api.github.com/repos/rpd/todo/issues/4113",
            "latest_comment_url": "https://api.github.com/repos/rpd/todo/issues/4113",
            "type": "Issue"
        },
        "repository": {
            "full_name": "rpd/todo",
            "owner": {
                "login": "rpd"
            }
        }
    },
    {
        "reason": "mention",
        "subject": {
            "title": "PR merge should switch to the base branch instead of the default branch.",
            "url": "https://api.github.com/repos/cli/cli/issues/1096",
            "latest_comment_url": "https://api.github.com/repos/cli/cli/issues/1096",
            "type": "Issue"
        },
        "repository": {
            "full_name": "cli/cli",
            "owner": {
                "login": "cli"
            }
        }
    },
    {
        "reason": "mention",
        "subject": {
            "title": "Find bolt cutter",
            "url": "https://api.github.com/repos/rpd/todo/issues/116",
            "latest_comment_url": "https://api.github.com/repos/rpd/todo/issues/comments/1065",
            "type": "Issue"
        },
        "repository": {
            "full_name": "rpd/todo",
            "owner": {
                "login": "rpd"
            }
        }
    },
    {
        "reason": "mention",
        "subject": {
            "title": "use the action to precompile",
            "url": "https://api.github.com/repos/vilmibm/gh-screensaver/issues/15",
            "latest_comment_url": "https://api.github.com/repos/vilmibm/gh-screensaver/issues/comments/10",
            "type": "Issue"
        },
        "repository": {
            "full_name": "vilmibm/gh-screensaver",
            "owner": {
                "login": "vilmibm"
            },
            "url": "https://api.github.com/repos/vilmibm/gh-screensaver"
        }
    },
    {
        "reason": "author",
        "subject": {
            "title": "asodijasodji",
            "url": "https://api.github.com/repos/vilmibm/testing/issues/150",
            "latest_comment_url": "https://api.github.com/repos/vilmibm/testing/issues/comments/1064534165",
            "type": "Issue"
        },
        "repository": {
            "full_name": "vilmibm/testing",
            "owner": {
                "login": "vilmibm"
            }
        }
    },
    {
        "reason": "review_requested",
        "subject": {
            "title": "Update LICENSE",
            "url": "https://api.github.com/repos/cli/cli/pulls/5277",
            "latest_comment_url": null,
            "type": "PullRequest"
        },
        "repository": {
            "full_name": "cli/cli",
            "owner": {
                "login": "cli"
            }
        }
    }
]
